,match_id,balls,score,wickets,ground,ground_average,wickets_remaining,powerplay_balls,non_powerplay_balls
0,1,215,168,8,Eden Gardens,242,2,0,85
1,3,215,186,1,Kennington Oval,246,9,0,85
2,5,215,203,3,Gaddafi Stadium,248,7,0,85
3,6,215,114,8,National Stadium,214,2,0,85
4,7,215,175,5,Lord's,233,5,0,85
5,8,215,156,6,"Sir Vivian Richards Stadium, North Sound",225,4,0,85
6,10,215,155,8,Nehru Stadium,231,2,0,85
7,11,215,220,4,Sydney Cricket Ground,220,6,0,85
8,12,215,140,8,"Sir Vivian Richards Stadium, North Sound",225,2,0,85
9,13,215,207,2,Trent Bridge,246,8,0,85
10,15,215,193,5,Gaddafi Stadium,248,5,0,85
11,18,215,139,7,Sheikh Zayed Stadium,231,3,0,85
12,20,215,170,3,Feroz Shah Kotla,250,7,0,85
13,21,215,212,6,New Wanderers Stadium,238,4,0,85
14,22,215,187,2,"Beausejour Stadium, Gros Islet",208,8,0,85
15,23,215,234,3,Sydney Cricket Ground,220,7,0,85
16,26,215,105,6,Newlands,243,4,0,85
17,27,215,162,6,Melbourne Cricket Ground,240,4,0,85
18,28,215,184,4,Hagley Oval,250,6,0,85
19,29,215,171,5,Sheikh Zayed Stadium,231,5,0,85
20,30,215,170,3,Greater Noida Sports Complex Ground,250,7,0,85
21,31,215,193,2,Khan Shaheb Osman Ali Stadium,250,8,0,85
22,32,215,208,2,Harare Sports Club,214,8,0,85
23,34,215,180,3,R Premadasa Stadium,214,7,0,85
24,36,215,157,4,Sheikh Zayed Stadium,231,6,0,85
25,37,215,152,7,Sheikh Zayed Stadium,231,3,0,85
26,38,215,185,7,Shere Bangla National Stadium,214,3,0,85
27,40,215,216,3,Manuka Oval,285,7,0,85
28,41,215,148,8,P Saravanamuttu Stadium,250,2,0,85
29,42,215,159,9,Feroz Shah Kotla,250,1,0,85
30,43,215,165,7,New Wanderers Stadium,238,3,0,85
31,44,215,143,6,R Premadasa Stadium,214,4,0,85
32,45,215,230,3,Sophia Gardens,192,7,0,85
33,46,215,135,7,"Sardar Patel Stadium, Motera",224,3,0,85
34,47,215,168,9,"Sabina Park, Kingston",221,1,0,85
35,49,215,188,5,St George's Park,215,5,0,85
36,51,215,190,2,Queens Sports Club,220,8,0,85
37,52,215,136,4,Providence Stadium,211,6,0,85
38,53,215,198,1,SuperSport Park,231,9,0,85
39,54,215,138,5,Gymkhana Club Ground,193,5,0,85
40,55,215,173,5,Dubai International Cricket Stadium,221,5,0,85
41,56,215,133,5,VRA Ground,225,5,0,85
42,57,215,159,3,Melbourne Cricket Ground,240,7,0,85
43,58,215,152,9,National Stadium,214,1,0,85
44,59,215,131,9,Rangiri Dambulla International Stadium,201,1,0,85
45,63,215,158,4,Melbourne Cricket Ground,240,6,0,85
46,64,215,199,5,Eden Gardens,242,5,0,85
47,64,215,200,5,Eden Gardens,242,5,0,85
48,67,215,171,6,"Punjab Cricket Association Stadium, Mohali",256,4,0,85
49,68,215,161,8,Sharjah Cricket Stadium,250,2,0,85
50,72,215,233,1,Harare Sports Club,214,9,0,85
51,74,215,183,6,R Premadasa Stadium,214,4,0,85
52,75,215,142,6,Gymkhana Club Ground,193,4,0,85
53,76,215,204,3,Sheikh Zayed Stadium,231,7,0,85
54,77,215,173,5,Shere Bangla National Stadium,214,5,0,85
55,78,215,137,4,Bay Oval,250,6,0,85
56,79,215,158,5,"Sabina Park, Kingston",221,5,0,85
57,80,215,159,4,"Nehru Stadium, Fatorda",231,6,0,85
58,83,215,152,3,Bellerive Oval,245,7,0,85
59,84,215,158,6,Kingsmead,243,4,0,85
60,85,215,141,5,"Arnos Vale Ground, Kingstown",180,5,0,85
61,86,215,116,7,Kinrara Academy Oval,204,3,0,85
62,87,215,159,4,New Wanderers Stadium,238,6,0,85
63,88,215,168,7,McLean Park,259,3,0,85
64,89,215,136,6,Shere Bangla National Stadium,214,4,0,85
65,90,215,192,6,Hagley Oval,250,4,0,85
66,91,215,152,8,Queens Sports Club,220,2,0,85
67,92,215,145,3,Edgbaston,203,7,0,85
68,93,215,158,9,Nehru Stadium,231,1,0,85
69,95,215,186,3,Dr. Y.S. Rajasekhara Reddy ACA-VDCA Cricket Stadium,256,7,0,85
70,99,215,203,4,Headingley,283,6,0,85
71,102,215,188,5,Dr. Y.S. Rajasekhara Reddy ACA-VDCA Cricket Stadium,256,5,0,85
72,103,215,159,4,Dubai International Cricket Stadium,221,6,0,85
73,104,215,177,3,"Brisbane Cricket Ground, Woolloongabba",218,7,0,85
74,105,215,210,4,Khan Shaheb Osman Ali Stadium,250,6,0,85
75,106,215,226,5,Sydney Cricket Ground,220,5,0,85
76,108,215,293,4,SuperSport Park,231,6,0,85
77,109,215,149,2,"Sabina Park, Kingston",221,8,0,85
78,110,215,179,4,"Sardar Patel Stadium, Motera",224,6,0,85
79,111,215,156,6,R Premadasa Stadium,214,4,0,85
80,112,215,127,8,"Kensington Oval, Bridgetown",187,2,0,85
81,114,215,165,8,ICC Global Cricket Academy,250,2,0,85
82,115,215,184,5,Headingley,283,5,0,85
83,116,215,190,7,Melbourne Cricket Ground,240,3,0,85
84,117,215,190,8,Kingsmead,243,2,0,85
85,118,215,202,2,Shere Bangla National Stadium,214,8,0,85
86,119,215,146,7,Western Australia Cricket Association Ground,227,3,0,85
87,121,215,151,3,Kennington Oval,246,7,0,85
88,124,215,146,9,Melbourne Cricket Ground,240,1,0,85
89,125,215,258,7,Dubai International Cricket Stadium,221,3,0,85
90,126,215,148,5,Dubai International Cricket Stadium,221,5,0,85
91,127,215,162,5,Hagley Oval,250,5,0,85
92,128,215,193,4,"Punjab Cricket Association Stadium, Mohali",256,6,0,85
93,129,215,217,2,The Rose Bowl,250,8,0,85
94,130,215,145,8,Wankhede Stadium,256,2,0,85
95,133,215,170,7,Melbourne Cricket Ground,240,3,0,85
96,134,215,223,2,R Premadasa Stadium,214,8,0,85
97,135,215,163,6,Adelaide Oval,230,4,0,85
98,136,215,197,2,"Vidarbha Cricket Association Stadium, Jamtha",280,8,0,85
99,138,215,175,3,Sydney Cricket Ground,220,7,0,85
100,139,215,185,6,"National Cricket Stadium, St George's",216,4,0,85
101,140,215,165,5,Shere Bangla National Stadium,214,5,0,85
102,141,215,178,7,Western Australia Cricket Association Ground,227,3,0,85
103,142,215,213,4,Shere Bangla National Stadium,214,6,0,85
104,143,215,173,4,Queens Sports Club,220,6,0,85
105,144,215,168,3,New Wanderers Stadium,238,7,0,85
106,145,215,194,1,Melbourne Cricket Ground,240,9,0,85
107,146,215,218,2,"Windsor Park, Roseau",247,8,0,85
108,148,215,202,4,De Beers Diamond Oval,250,6,0,85
109,148,215,204,4,De Beers Diamond Oval,250,6,0,85
110,149,215,162,9,National Stadium,214,1,0,85
111,151,215,149,6,Harare Sports Club,214,4,0,85
112,154,215,131,8,Kinrara Academy Oval,204,2,0,85
113,156,215,160,8,Melbourne Cricket Ground,240,2,0,85
114,157,215,144,2,Riverside Ground,214,8,0,85
115,159,215,217,1,Adelaide Oval,230,9,0,85
116,160,215,137,9,Lord's,233,1,0,85
117,161,215,163,2,Multan Cricket Stadium,226,8,0,85
118,164,215,148,4,Queens Sports Club,220,6,0,85
119,165,215,124,6,"National Cricket Stadium, St George's",216,4,0,85
120,166,215,150,4,New Wanderers Stadium,238,6,0,85
121,167,215,201,3,Manuka Oval,285,7,0,85
122,168,215,210,5,Newlands,243,5,0,85
123,169,215,302,2,Headingley,283,8,0,85
124,170,215,153,2,Sedgars Park,250,8,0,85
125,171,215,167,6,JSCA International Stadium Complex,250,4,0,85
126,174,215,254,5,Seddon Park,235,5,0,85
127,177,215,141,7,"Punjab Cricket Association Stadium, Mohali",256,3,0,85
128,182,215,203,5,Shere Bangla National Stadium,214,5,0,85
129,183,215,190,3,Barabati Stadium,259,7,0,85
130,184,215,164,7,R Premadasa Stadium,214,3,0,85
131,186,215,271,2,McLean Park,259,8,0,85
132,187,215,165,7,Adelaide Oval,230,3,0,85
133,190,215,132,8,The Rose Bowl,250,2,0,85
134,191,215,174,4,"Beausejour Stadium, Gros Islet",208,6,0,85
135,192,215,186,6,Holkar Cricket Stadium,280,4,0,85
136,196,215,163,3,Providence Stadium,211,7,0,85
137,197,215,155,5,Feroz Shah Kotla,250,5,0,85
138,198,215,187,4,Wankhede Stadium,256,6,0,85
139,200,215,211,3,Andhra Cricket Association-Visakhapatnam District Cricket Association Stadium,250,7,0,85
140,201,215,173,3,Sheikh Zayed Stadium,231,7,0,85
141,202,215,141,2,Sheikh Zayed Stadium,231,8,0,85
142,204,215,157,4,"Civil Service Cricket Club, Stormont",177,6,0,85
143,206,215,159,4,Eden Park,219,6,0,85
144,207,215,141,4,R Premadasa Stadium,214,6,0,85
145,208,215,148,9,VRA Ground,225,1,0,85
146,209,215,115,7,"Antigua Recreation Ground, St John's",227,3,0,85
147,211,215,202,2,Queens Sports Club,220,8,0,85
148,212,215,200,2,Green Park,263,8,0,85
149,215,215,194,4,Kennington Oval,246,6,0,85
150,216,215,173,5,"MA Chidambaram Stadium, Chepauk",225,5,0,85
151,217,215,142,6,Cobham Oval (New),250,4,0,85
152,219,215,182,4,Harare Sports Club,214,6,0,85
153,220,215,140,8,Western Australia Cricket Association Ground,227,2,0,85
154,222,215,169,5,"Sir Vivian Richards Stadium, North Sound",225,5,0,85
155,223,215,128,4,"Brisbane Cricket Ground, Woolloongabba",218,6,0,85
156,224,215,166,3,Shere Bangla National Stadium,214,7,0,85
157,225,215,166,3,Wankhede Stadium,256,7,0,85
158,227,215,155,6,"Arnos Vale Ground, Kingstown",180,4,0,85
159,228,215,155,6,R Premadasa Stadium,214,4,0,85
160,231,215,158,7,"Warner Park, Basseterre",247,3,0,85
161,234,215,191,4,New Wanderers Stadium,238,6,0,85
162,235,215,184,4,McLean Park,259,6,0,85
163,236,215,176,7,"Grange Cricket Club Ground, Raeburn Place",250,3,0,85
164,239,215,162,3,Lord's,233,7,0,85
165,240,215,117,8,Zahur Ahmed Chowdhury Stadium,183,2,0,85
166,242,215,140,5,Dubai Sports City Cricket Stadium,250,5,0,85
167,243,215,161,2,Sinhalese Sports Club Ground,167,8,0,85
168,244,215,242,4,Eden Park,219,6,0,85
169,245,215,164,3,Lord's,233,7,0,85
170,246,215,172,7,Bellerive Oval,245,3,0,85
171,247,215,168,3,Sydney Cricket Ground,220,7,0,85
172,250,215,252,5,Kingsmead,243,5,0,85
173,251,215,167,3,McLean Park,259,7,0,85
174,252,215,144,2,Adelaide Oval,230,8,0,85
175,253,215,193,6,R Premadasa Stadium,214,4,0,85
176,256,215,237,0,SuperSport Park,231,10,0,85
177,257,215,162,3,Harare Sports Club,214,7,0,85
178,258,215,158,3,Kingsmead,243,7,0,85
179,259,215,199,5,AMI Stadium,228,5,0,85
180,260,215,133,7,Pallekele International Cricket Stadium,250,3,0,85
181,261,215,149,3,"Beausejour Stadium, Gros Islet",208,7,0,85
182,262,215,195,2,Harare Sports Club,214,8,0,85
183,264,215,204,6,Pallekele International Cricket Stadium,250,4,0,85
184,265,215,224,2,Multan Cricket Stadium,226,8,0,85
185,266,215,275,6,Kennington Oval,246,4,0,85
186,268,215,221,6,Sophia Gardens,192,4,0,85
187,270,215,135,4,Providence Stadium,211,6,0,85
188,271,215,150,8,Shere Bangla National Stadium,214,2,0,85
189,272,215,221,3,National Stadium,214,7,0,85
190,273,215,173,5,"Mahinda Rajapaksa International Cricket Stadium, Sooriyawewa",250,5,0,85
191,274,215,171,4,SuperSport Park,231,6,0,85
192,277,215,216,3,New Wanderers Stadium,238,7,0,85
193,278,215,158,5,Riverside Ground,214,5,0,85
194,281,215,206,5,Melbourne Cricket Ground,240,5,0,85
195,282,215,200,2,Melbourne Cricket Ground,240,8,0,85
196,284,215,191,3,St George's Park,215,7,0,85
197,285,215,158,5,"Warner Park, Basseterre",247,5,0,85
198,286,215,132,5,Sharjah Cricket Stadium,250,5,0,85
199,287,215,163,3,"Punjab Cricket Association Stadium, Mohali",256,7,0,85
200,288,215,147,9,"Windsor Park, Roseau",247,1,0,85
201,292,215,110,8,Adelaide Oval,230,2,0,85
202,293,215,183,4,Shere Bangla National Stadium,214,6,0,85
203,294,215,198,4,Captain Roop Singh Stadium,291,6,0,85
204,297,215,211,2,Riverside Ground,214,8,0,85
205,298,215,217,5,Eden Gardens,242,5,0,85
206,299,215,159,6,Old Trafford,206,4,0,85
207,300,215,210,7,"Brisbane Cricket Ground, Woolloongabba",218,3,0,85
208,301,215,192,3,"National Cricket Stadium, St George's",216,7,0,85
209,302,215,188,6,Sawai Mansingh Stadium,235,4,0,85
210,303,215,112,6,The Rose Bowl,250,4,0,85
211,307,215,182,6,Hagley Oval,250,4,0,85
212,309,215,198,3,"Warner Park, Basseterre",247,7,0,85
213,310,215,166,0,Harare Sports Club,214,10,0,85
214,311,215,155,5,Harare Sports Club,214,5,0,85
215,312,215,156,5,Seddon Park,235,5,0,85
216,313,215,171,6,"Queen's Park Oval, Port of Spain",199,4,0,85
217,314,215,213,9,New Wanderers Stadium,238,1,0,85
218,315,215,155,7,Edgbaston,203,3,0,85
219,317,215,147,5,"Punjab Cricket Association Stadium, Mohali",256,5,0,85
220,318,215,192,2,Lord's,233,8,0,85
221,320,215,148,5,Dubai International Cricket Stadium,221,5,0,85
222,321,215,134,4,McLean Park,259,6,0,85
223,322,215,190,3,Harare Sports Club,214,7,0,85
224,323,215,199,2,"National Cricket Stadium, St George's",216,8,0,85
225,324,215,176,6,Senwes Park,246,4,0,85
226,325,215,139,2,"Beausejour Stadium, Gros Islet",208,8,0,85
227,326,215,144,6,"Sir Vivian Richards Stadium, North Sound",225,4,0,85
228,328,215,145,2,Sheikh Zayed Stadium,231,8,0,85
229,330,215,201,9,Trent Bridge,246,1,0,85
230,331,215,169,5,Adelaide Oval,230,5,0,85
231,332,215,139,4,R Premadasa Stadium,214,6,0,85
232,333,215,116,6,Eden Gardens,242,4,0,85
233,335,215,209,1,Westpac Stadium,208,9,0,85
234,336,215,203,6,AMI Stadium,228,4,0,85
235,337,215,165,5,Sharjah Cricket Association Stadium,250,5,0,85
236,338,215,142,6,"Brisbane Cricket Ground, Woolloongabba",218,4,0,85
237,339,215,183,7,Pallekele International Cricket Stadium,250,3,0,85
238,341,215,175,2,Shere Bangla National Stadium,214,8,0,85
239,342,215,175,8,Pallekele International Cricket Stadium,250,2,0,85
240,343,215,176,3,Rangiri Dambulla International Stadium,201,7,0,85
241,345,215,155,9,R Premadasa Stadium,214,1,0,85
242,348,215,172,5,"Brisbane Cricket Ground, Woolloongabba",218,5,0,85
243,352,215,125,5,"Sabina Park, Kingston",221,5,0,85
244,355,215,261,4,Maharashtra Cricket Association Stadium,250,6,0,85
245,356,215,130,4,Narayanganj Osmani Stadium,250,6,0,85
246,357,215,140,6,Zahur Ahmed Chowdhury Stadium,183,4,0,85
247,362,215,198,2,"Mahinda Rajapaksa International Cricket Stadium, Sooriyawewa",250,8,0,85
248,363,215,210,2,"Sardar Patel Stadium, Motera",224,8,0,85
249,364,215,183,7,Trent Bridge,246,3,0,85
250,364,215,184,7,Trent Bridge,246,3,0,85
251,365,215,152,6,Shere Bangla National Stadium,214,4,0,85
252,365,215,154,6,Shere Bangla National Stadium,214,4,0,85
253,366,215,218,2,Saxton Oval,250,8,0,85
254,367,215,147,6,"Sabina Park, Kingston",221,4,0,85
255,368,215,132,7,Rangiri Dambulla International Stadium,201,3,0,85
256,369,215,162,8,The Rose Bowl,250,2,0,85
257,370,215,159,3,Sheikh Zayed Stadium,231,7,0,85
258,371,215,165,3,"Sir Vivian Richards Stadium, North Sound",225,7,0,85
259,373,215,178,2,Iqbal Stadium,197,8,0,85
260,375,215,141,7,Shere Bangla National Stadium,214,3,0,85
261,377,215,176,3,Sheikh Abu Naser Stadium,199,7,0,85
262,380,215,146,5,Shere Bangla National Stadium,214,5,0,85
263,381,215,118,9,R Premadasa Stadium,214,1,0,85
264,381,215,119,9,R Premadasa Stadium,214,1,0,85
265,382,215,162,3,Feroz Shah Kotla,250,7,0,85
266,384,215,167,6,Old Trafford,206,4,0,85
267,385,215,174,7,University Oval,250,3,0,85
268,386,215,208,3,Kingsmead,243,7,0,85
269,388,215,111,9,"Queen's Park Oval, Port of Spain",199,1,0,85
270,389,215,191,4,Newlands,243,6,0,85
271,390,215,223,3,Saxton Oval,250,7,0,85
272,391,215,194,5,The Rose Bowl,250,5,0,85
273,397,215,201,3,Shere Bangla National Stadium,214,7,0,85
274,399,215,192,5,"Mahinda Rajapaksa International Cricket Stadium, Sooriyawewa",250,5,0,85
275,400,215,224,5,"Sabina Park, Kingston",221,5,0,85
276,402,215,185,6,Eden Park,219,4,0,85
277,404,215,133,8,Providence Stadium,211,2,0,85
278,405,215,135,8,"Brisbane Cricket Ground, Woolloongabba",218,2,0,85
279,406,215,191,5,Queens Sports Club,220,5,0,85
280,407,215,155,1,Rangiri Dambulla International Stadium,201,9,0,85
281,408,215,161,5,Kingsmead,243,5,0,85
282,408,215,162,5,Kingsmead,243,5,0,85
283,410,215,147,3,Harare Sports Club,214,7,0,85
284,411,215,191,5,Sydney Cricket Ground,220,5,0,85
285,412,215,158,7,Queenstown Events Centre,120,3,0,85
286,413,215,173,5,"Vidarbha Cricket Association Stadium, Jamtha",280,5,0,85
287,414,215,168,6,R Premadasa Stadium,214,4,0,85
288,415,215,169,6,National Stadium,214,4,0,85
289,416,215,175,4,"Queen's Park Oval, Port of Spain",199,6,0,85
290,417,215,164,6,Western Australia Cricket Association Ground,227,4,0,85
291,418,215,188,3,Westpac Stadium,208,7,0,85
292,419,215,146,5,"Mission Road Ground, Mong Kok",250,5,0,85
293,420,215,102,4,Shere Bangla National Stadium,214,6,0,85
294,421,215,190,7,"MA Chidambaram Stadium, Chepauk",225,3,0,85
295,422,215,203,3,Saxton Oval,250,7,0,85
296,423,215,181,8,Nehru Stadium,231,2,0,85
297,424,215,172,1,Shere Bangla National Stadium,214,9,0,85
298,425,215,178,5,Eden Park,219,5,0,85
299,426,215,162,7,Harare Sports Club,214,3,0,85
300,429,215,171,4,Gaddafi Stadium,248,6,0,85
301,430,215,170,3,"Punjab Cricket Association Stadium, Mohali",256,7,0,85
302,433,215,172,3,Senwes Park,246,7,0,85
303,434,215,184,7,Sawai Mansingh Stadium,235,3,0,85
304,436,215,206,0,Shere Bangla National Stadium,214,10,0,85
305,437,215,212,2,R Premadasa Stadium,214,8,0,85
306,438,215,183,3,Lord's,233,7,0,85
307,439,215,175,5,Kennington Oval,246,5,0,85
308,440,215,199,4,Sector 16 Stadium,287,6,0,85
309,441,215,167,3,Eden Park,219,7,0,85
310,446,215,158,6,Gaddafi Stadium,248,4,0,85
311,447,215,124,3,"Beausejour Stadium, Gros Islet",208,7,0,85
312,448,215,224,5,Queens Sports Club,220,5,0,85
313,450,215,171,2,SuperSport Park,231,8,0,85
314,453,215,140,3,"National Cricket Stadium, St George's",216,7,0,85
315,454,215,160,8,Indian Petrochemicals Corporation Limited Sports Complex Ground,250,2,0,85
316,455,215,194,7,Eden Park,219,3,0,85
317,458,215,183,4,"Civil Service Cricket Club, Stormont",177,6,0,85
318,459,215,145,6,Queens Sports Club,220,4,0,85
319,460,215,185,6,Rangiri Dambulla International Stadium,201,4,0,85
320,461,215,166,5,Newlands,243,5,0,85
321,463,215,123,9,Sydney Cricket Ground,220,1,0,85
322,464,215,197,6,"MA Chidambaram Stadium, Chepauk",225,4,0,85
323,465,215,199,1,Harare Sports Club,214,9,0,85
324,467,215,160,8,Trent Bridge,246,2,0,85
325,468,215,139,4,Providence Stadium,211,6,0,85
326,469,215,139,6,Harare Sports Club,214,4,0,85
327,471,215,171,4,Goodyear Park,250,6,0,85
328,472,215,180,3,Sheikh Zayed Stadium,231,7,0,85
329,473,215,152,4,Pallekele International Cricket Stadium,250,6,0,85
330,474,215,123,6,Docklands Stadium,250,4,0,85
331,476,215,128,6,County Ground,204,4,0,85
332,477,215,159,3,Kennington Oval,246,7,0,85
333,479,215,164,5,Westpac Stadium,208,5,0,85
334,480,215,237,2,McLean Park,259,8,0,85
335,482,215,175,3,Nehru Stadium,231,7,0,85
336,484,215,146,4,Harare Sports Club,214,6,0,85
337,486,215,182,4,Sinhalese Sports Club Ground,167,6,0,85
338,487,215,193,3,Shere Bangla National Stadium,214,7,0,85
339,489,215,217,5,Queens Sports Club,220,5,0,85
340,490,215,205,5,R Premadasa Stadium,214,5,0,85
341,493,215,245,4,Newlands,243,6,0,85
342,494,215,167,3,Queens Sports Club,220,7,0,85
343,495,215,201,3,Shere Bangla National Stadium,214,7,0,85
344,496,215,162,5,Adelaide Oval,230,5,0,85
345,497,215,140,5,Docklands Stadium,250,5,0,85
346,498,215,145,4,Westpac Stadium,208,6,0,85
347,499,215,163,7,"Arnos Vale Ground, Kingstown",180,3,0,85
348,503,215,112,6,"Grange Cricket Club Ground, Raeburn Place",250,4,0,85
349,504,215,135,4,Sharjah Cricket Stadium,250,6,0,85
350,505,215,264,1,Manuka Oval,285,9,0,85
351,506,215,211,5,Eden Park,219,5,0,85
352,507,215,124,6,Clontarf Cricket Club Ground,250,4,0,85
353,508,215,146,3,Adelaide Oval,230,7,0,85
354,509,215,225,2,Eden Gardens,242,8,0,85
355,511,215,222,2,Rawalpindi Cricket Stadium,250,8,0,85
356,512,215,167,3,Queens Sports Club,220,7,0,85
357,513,215,170,5,"Civil Service Cricket Club, Stormont",177,5,0,85
358,514,215,165,2,Saurashtra Cricket Association Stadium,250,8,0,85
359,515,215,133,4,Bellerive Oval,245,6,0,85
360,516,215,199,5,Western Australia Cricket Association Ground,227,5,0,85
361,518,215,158,4,Dubai International Cricket Stadium,221,6,0,85
362,519,215,178,4,Western Australia Cricket Association Ground,227,6,0,85
363,520,215,150,4,Queens Sports Club,220,6,0,85
364,521,215,225,9,SuperSport Park,231,1,0,85
365,522,215,179,6,Seddon Park,235,4,0,85
366,523,215,216,4,Adelaide Oval,230,6,0,85
367,525,215,164,5,Sheikh Zayed Stadium,231,5,0,85
368,525,215,165,5,Sheikh Zayed Stadium,231,5,0,85
369,526,215,224,9,Wankhede Stadium,256,1,0,85
370,527,215,184,8,Melbourne Cricket Ground,240,2,0,85
371,528,215,146,5,Sheikh Zayed Stadium,231,5,0,85
372,530,215,100,8,"Vidarbha Cricket Association Stadium, Jamtha",280,2,0,85
373,531,215,150,6,County Ground,204,4,0,85
374,534,215,136,5,Westpac Stadium,208,5,0,85
375,536,215,139,7,Sydney Cricket Ground,220,3,0,85
376,537,215,174,2,Harare Sports Club,214,8,0,85
377,539,215,156,2,R Premadasa Stadium,214,8,0,85
378,540,215,163,3,Shere Bangla National Stadium,214,7,0,85
379,541,215,176,4,Reliance Stadium,231,6,0,85
380,542,215,171,6,"Sardar Patel Stadium, Motera",224,4,0,85
381,543,215,139,8,Sheikh Zayed Stadium,231,2,0,85
382,544,215,131,4,Khan Shaheb Osman Ali Stadium,250,6,0,85
383,545,215,213,3,"Vidarbha Cricket Association Stadium, Jamtha",280,7,0,85
384,546,215,209,4,Saurashtra Cricket Association Stadium,250,6,0,85
385,547,215,169,4,"Civil Service Cricket Club, Stormont",177,6,0,85
386,548,215,151,9,Sharjah Cricket Stadium,250,1,0,85
387,550,215,213,6,Pallekele International Cricket Stadium,250,4,0,85
388,551,215,153,8,Shere Bangla National Stadium,214,2,0,85
389,552,215,148,6,Gaddafi Stadium,248,4,0,85
390,555,215,175,3,Pallekele International Cricket Stadium,250,7,0,85
391,560,215,173,4,Providence Stadium,211,6,0,85
392,563,215,217,2,Shere Bangla National Stadium,214,8,0,85
393,564,215,155,3,Kingsmead,243,7,0,85
394,564,215,156,3,Kingsmead,243,7,0,85
395,567,215,234,1,"Vidarbha Cricket Association Stadium, Jamtha",280,9,0,85
396,568,215,180,3,"Kensington Oval, Bridgetown",187,7,0,85
397,569,215,137,3,Shere Bangla National Stadium,214,7,0,85
398,570,215,173,3,"Vidarbha Cricket Association Stadium, Jamtha",280,7,0,85
399,571,215,216,4,"MA Chidambaram Stadium, Chepauk",225,6,0,85
400,573,215,152,5,"Brisbane Cricket Ground, Woolloongabba",218,5,0,85
401,574,215,191,3,Feroz Shah Kotla,250,7,0,85
402,577,215,167,7,Rangiri Dambulla International Stadium,201,3,0,85
403,578,215,151,7,Eden Park,219,3,0,85
404,579,215,205,3,SuperSport Park,231,7,0,85
405,580,215,138,6,Gymkhana Club Ground,193,4,0,85
406,582,215,198,4,"Sabina Park, Kingston",221,6,0,85
407,583,215,171,5,Bay Oval,250,5,0,85
408,584,215,178,3,Trent Bridge,246,7,0,85
409,585,215,113,4,Edgbaston,203,6,0,85
410,586,215,174,4,Dubai International Cricket Stadium,221,6,0,85
411,588,215,144,8,Gaddafi Stadium,248,2,0,85
412,589,215,123,9,Harare Sports Club,214,1,0,85
413,590,215,210,2,Sawai Mansingh Stadium,235,8,0,85
414,591,215,207,2,Shere Bangla National Stadium,214,8,0,85
415,594,215,134,6,Harare Sports Club,214,4,0,85
416,595,215,225,4,Seddon Park,235,6,0,85
417,596,215,201,4,Western Australia Cricket Association Ground,227,6,0,85
418,598,215,175,4,"Punjab Cricket Association Stadium, Mohali",256,6,0,85
419,599,215,223,4,New Wanderers Stadium,238,6,0,85
420,600,215,180,3,St George's Park,215,7,0,85
421,603,215,240,7,Manuka Oval,285,3,0,85
422,604,215,146,6,Chittagong Divisional Stadium,250,4,0,85
423,606,215,144,8,"Kensington Oval, Bridgetown",187,2,0,85
424,607,215,157,3,"Queen's Park Oval, Port of Spain",199,7,0,85
425,608,215,212,5,The Rose Bowl,250,5,0,85
426,612,215,246,7,New Wanderers Stadium,238,3,0,85
427,614,215,112,5,R Premadasa Stadium,214,5,0,85
428,615,215,206,7,Shere Bangla National Stadium,214,3,0,85
429,616,215,162,0,National Stadium,214,10,0,85
430,619,215,182,3,Shaheed Chandu Stadium,212,7,0,85
431,620,215,150,3,Queens Sports Club,220,7,0,85
432,621,215,175,8,Barabati Stadium,259,2,0,85
433,623,215,192,8,M Chinnaswamy Stadium,268,2,0,85
434,624,215,180,3,Queens Sports Club,220,7,0,85
435,627,215,117,5,Melbourne Cricket Ground,240,5,0,85
436,628,215,215,8,"Kensington Oval, Bridgetown",187,2,0,85
437,631,215,216,4,Kennington Oval,246,6,0,85
438,632,215,169,3,Zahur Ahmed Chowdhury Stadium,183,7,0,85
439,636,215,170,4,"Niaz Stadium, Hyderabad",238,6,0,85
440,637,215,122,8,Shere Bangla National Stadium,214,2,0,85
441,638,215,188,4,Khan Shaheb Osman Ali Stadium,250,6,0,85
442,639,215,142,6,Harare Sports Club,214,4,0,85
443,640,215,160,2,ICC Global Cricket Academy,250,8,0,85
444,641,215,160,4,County Ground,204,6,0,85
445,642,215,197,2,Harare Sports Club,214,8,0,85
446,643,215,320,4,New Wanderers Stadium,238,6,0,85
447,644,215,165,5,Lord's,233,5,0,85
448,646,215,131,5,"Queen's Park Oval, Port of Spain",199,5,0,85
449,648,215,211,3,Greater Noida Sports Complex Ground,250,7,0,85
450,650,215,130,4,Shere Bangla National Stadium,214,6,0,85
451,651,215,144,3,Greater Noida Sports Complex Ground,250,7,0,85
452,652,215,157,6,Harare Sports Club,214,4,0,85
453,654,215,146,4,M Chinnaswamy Stadium,268,6,0,85
454,656,215,159,3,Old Trafford,206,7,0,85
455,657,215,159,6,Harare Sports Club,214,4,0,85
456,658,215,162,5,Queens Sports Club,220,5,0,85
457,659,215,181,3,Harare Sports Club,214,7,0,85
458,660,215,133,6,Maple Leaf North-West Ground,165,4,0,85
459,661,215,142,7,Harare Sports Club,214,3,0,85
460,662,215,165,6,"Sir Vivian Richards Stadium, North Sound",225,4,0,85
461,666,215,165,2,ICC Global Cricket Academy,250,8,0,85
462,667,215,257,3,National Stadium,214,7,0,85
463,668,215,160,6,Gaddafi Stadium,248,4,0,85
464,669,215,177,4,Adelaide Oval,230,6,0,85
465,671,215,145,5,Nahar Singh Stadium,250,5,0,85
466,675,215,139,3,Harare Sports Club,214,7,0,85
467,676,215,213,2,Adelaide Oval,230,8,0,85
468,681,215,198,3,Rangiri Dambulla International Stadium,201,7,0,85
469,683,215,125,6,Sheikh Zayed Stadium,231,4,0,85
470,684,215,207,2,Western Australia Cricket Association Ground,227,8,0,85
471,684,215,208,2,Western Australia Cricket Association Ground,227,8,0,85
472,685,215,126,7,Sharjah Cricket Stadium,250,3,0,85
473,686,215,180,5,Shere Bangla National Stadium,214,5,0,85
474,687,215,185,8,Western Australia Cricket Association Ground,227,2,0,85
475,688,215,137,6,"Civil Service Cricket Club, Stormont",177,4,0,85
476,689,215,166,7,Trent Bridge,246,3,0,85
477,690,215,230,2,Harare Sports Club,214,8,0,85
478,691,215,172,6,"Brisbane Cricket Ground, Woolloongabba",218,4,0,85
479,692,215,176,4,Sydney Cricket Ground,220,6,0,85
480,694,215,156,8,"Mission Road Ground, Mong Kok",250,2,0,85
481,695,215,131,6,Rangiri Dambulla International Stadium,201,4,0,85
482,696,215,192,3,St George's Park,215,7,0,85
483,698,215,114,4,Feroz Shah Kotla,250,6,0,85
484,701,215,183,3,Sharjah Cricket Stadium,250,7,0,85
485,702,215,199,4,Queens Sports Club,220,6,0,85
486,703,215,215,1,"Brisbane Cricket Ground, Woolloongabba",218,9,0,85
487,707,215,151,3,Zahur Ahmed Chowdhury Stadium,183,7,0,85
488,708,215,202,4,Manuka Oval,285,6,0,85
489,709,215,152,3,Queens Sports Club,220,7,0,85
490,714,215,118,7,"Warner Park, Basseterre",247,3,0,85
491,715,215,175,8,Holkar Cricket Stadium,280,2,0,85
492,716,215,201,5,The Rose Bowl,250,5,0,85
493,717,215,186,4,Shere Bangla National Stadium,214,6,0,85
494,719,215,151,4,University Oval,250,6,0,85
495,721,215,175,4,Jade Stadium,250,6,0,85
496,722,215,164,4,Westpac Stadium,208,6,0,85
497,723,215,311,1,Madhavrao Scindia Cricket Ground,325,9,0,85
498,726,215,234,3,National Stadium,214,7,0,85
499,727,215,165,7,"The Village, Malahide",250,3,0,85
500,728,215,129,8,National Stadium,214,2,0,85
501,729,215,201,6,Dubai International Cricket Stadium,221,4,0,85
502,730,215,219,6,R Premadasa Stadium,214,4,0,85
503,732,215,163,5,Shere Bangla National Stadium,214,5,0,85
504,733,215,169,8,National Stadium,214,2,0,85
505,734,215,135,9,Sophia Gardens,192,1,0,85
506,735,215,197,3,Keenan Stadium,250,7,0,85
507,736,215,163,6,"MA Chidambaram Stadium, Chepauk",225,4,0,85
508,737,215,166,6,Dubai International Cricket Stadium,221,4,0,85
509,738,215,189,1,Sawai Mansingh Stadium,235,9,0,85
510,739,215,133,8,University Oval,250,2,0,85
511,742,215,132,8,"Queen's Park Oval, Port of Spain",199,2,0,85
512,743,215,219,0,Queens Sports Club,220,10,0,85
513,744,215,171,4,Providence Stadium,211,6,0,85
514,745,215,181,2,Adelaide Oval,230,8,0,85
515,747,215,122,7,Dubai International Cricket Stadium,221,3,0,85
516,752,215,218,3,Rangiri Dambulla International Stadium,201,7,0,85
517,753,215,147,6,Sharjah Cricket Stadium,250,4,0,85
518,754,215,175,9,R Premadasa Stadium,214,1,0,85
519,755,215,187,5,Feroz Shah Kotla,250,5,0,85
520,756,215,191,9,Melbourne Cricket Ground,240,1,0,85
521,758,215,154,4,Sheikh Zayed Stadium,231,6,0,85
522,759,215,206,3,Barabati Stadium,259,7,0,85
523,760,215,184,3,Kennington Oval,246,7,0,85
524,761,215,140,7,"Queen's Park Oval, Port of Spain",199,3,0,85
525,762,215,162,5,"Brisbane Cricket Ground, Woolloongabba",218,5,0,85
526,763,215,160,4,Sheikh Zayed Stadium,231,6,0,85
527,766,215,188,3,R Premadasa Stadium,214,7,0,85
528,767,215,120,4,Shaheed Chandu Stadium,212,6,0,85
529,768,215,158,0,Sawai Mansingh Stadium,235,10,0,85
530,769,215,160,5,St George's Park,215,5,0,85
531,770,215,205,7,Eden Park,219,3,0,85
532,771,215,114,5,Sawai Mansingh Stadium,235,5,0,85
533,772,215,156,5,"Mahinda Rajapaksa International Cricket Stadium, Sooriyawewa",250,5,0,85
534,773,215,179,3,Gaddafi Stadium,248,7,0,85
535,775,215,168,3,Maharani Usharaje Trust Cricket Ground,250,7,0,85
536,776,215,141,3,Nehru Stadium,231,7,0,85
537,778,215,237,2,Senwes Park,246,8,0,85
538,779,215,118,6,Harare Sports Club,214,4,0,85
539,780,215,144,6,"Warner Park, Basseterre",247,4,0,85
540,781,215,203,3,"Warner Park, Basseterre",247,7,0,85
541,784,215,154,5,"Warner Park, Basseterre",247,5,0,85
542,786,215,165,1,Harare Sports Club,214,9,0,85
543,790,215,164,7,Willowmoore Park,219,3,0,85
544,790,215,165,7,Willowmoore Park,219,3,0,85
545,792,215,203,5,M Chinnaswamy Stadium,268,5,0,85
546,794,215,180,4,Sharjah Cricket Stadium,250,6,0,85
547,795,215,163,5,Sydney Cricket Ground,220,5,0,85
548,796,215,165,5,St George's Park,215,5,0,85
549,797,215,174,4,"Sir Vivian Richards Stadium, North Sound",225,6,0,85
550,798,215,186,5,Headingley,283,5,0,85
551,799,215,165,3,"The Village, Malahide",250,7,0,85
552,801,215,154,6,Westpac Stadium,208,4,0,85
553,802,215,179,5,Shere Bangla National Stadium,214,5,0,85
554,803,215,162,8,Shere Bangla National Stadium,214,2,0,85
555,804,215,188,3,"Windsor Park, Roseau",247,7,0,85
556,805,215,153,6,National Stadium,214,4,0,85
557,806,215,119,5,Bellerive Oval,245,5,0,85
558,807,215,142,5,Western Australia Cricket Association Ground,227,5,0,85
559,808,215,156,7,Hagley Oval,250,3,0,85
560,809,215,200,2,Headingley,283,8,0,85
561,812,215,173,2,Trent Bridge,246,8,0,85
562,814,215,150,6,"Windsor Park, Roseau",247,4,0,85
563,815,215,163,5,"Brisbane Cricket Ground, Woolloongabba",218,5,0,85
564,817,215,137,5,"Antigua Recreation Ground, St John's",227,5,0,85
565,819,215,179,3,Dr. Y.S. Rajasekhara Reddy ACA-VDCA Cricket Stadium,256,7,0,85
566,822,215,181,8,Kingsmead,243,2,0,85
567,824,215,132,7,Providence Stadium,211,3,0,85
568,827,215,210,2,Kennington Oval,246,8,0,85
569,829,215,165,2,Queens Sports Club,220,8,0,85
570,830,215,144,5,Sheikh Zayed Stadium,231,5,0,85
571,831,215,216,9,Kennington Oval,246,1,0,85
572,832,215,173,8,Adelaide Oval,230,2,0,85
573,835,215,142,6,Bellerive Oval,245,4,0,85
574,836,215,136,5,Edgbaston,203,5,0,85
575,839,215,169,6,Westpac Stadium,208,4,0,85
576,841,215,138,5,"Kensington Oval, Bridgetown",187,5,0,85
577,842,215,177,6,Kennington Oval,246,4,0,85
578,845,215,191,7,SuperSport Park,231,3,0,85
579,846,215,156,6,Harare Sports Club,214,4,0,85
580,847,215,172,4,AMI Stadium,228,6,0,85
581,850,215,159,6,Sheikh Zayed Stadium,231,4,0,85
582,851,215,131,5,Manuka Oval,285,5,0,85
583,852,215,171,4,Sheikh Zayed Stadium,231,6,0,85
584,853,215,174,5,Zohur Ahmed Chowdhury Stadium,250,5,0,85
585,854,215,164,4,Edgbaston,203,6,0,85
586,857,215,158,4,"Queen's Park Oval, Port of Spain",199,6,0,85
587,858,215,188,3,Kennington Oval,246,7,0,85
588,858,215,189,3,Kennington Oval,246,7,0,85
589,859,215,126,8,"Sardar Patel Stadium, Motera",224,2,0,85
590,860,215,265,3,Kennington Oval,246,7,0,85
591,861,215,207,8,Madhavrao Scindia Cricket Ground,325,2,0,85
592,862,215,170,6,Lord's,233,4,0,85
593,863,215,205,3,Kinrara Academy Oval,204,7,0,85
594,864,215,187,6,"Beausejour Stadium, Gros Islet",208,4,0,85
595,866,215,141,5,Clontarf Cricket Club Ground,250,5,0,85
596,870,215,155,7,Saxton Oval,250,3,0,85
597,871,215,155,4,Brabourne Stadium,150,6,0,85
598,873,215,192,3,"Punjab Cricket Association Stadium, Mohali",256,7,0,85
599,875,215,172,3,"National Cricket Stadium, St George's",216,7,0,85
600,876,215,178,6,Rangiri Dambulla International Stadium,201,4,0,85
601,877,215,192,5,"Mahinda Rajapaksa International Cricket Stadium, Sooriyawewa",250,5,0,85
602,878,215,202,2,Vidarbha Cricket Association Ground,250,8,0,85
603,879,215,191,5,Western Australia Cricket Association Ground,227,5,0,85
604,881,215,152,8,Western Australia Cricket Association Ground,227,2,0,85
605,883,215,194,2,The Rose Bowl,250,8,0,85
606,884,215,144,2,The Rose Bowl,250,8,0,85
607,889,215,181,4,Adelaide Oval,230,6,0,85
608,890,215,114,6,Queens Sports Club,220,4,0,85
609,891,215,141,6,"Sir Vivian Richards Stadium, North Sound",225,4,0,85
610,893,215,148,6,Newlands,243,4,0,85
611,896,215,170,4,Harare Sports Club,214,6,0,85
612,897,215,181,2,National Stadium,214,8,0,85
613,899,215,154,4,Adelaide Oval,230,6,0,85
614,900,215,174,4,Shere Bangla National Stadium,214,6,0,85
615,901,215,203,2,"Brisbane Cricket Ground, Woolloongabba",218,8,0,85
616,903,215,173,5,Shere Bangla National Stadium,214,5,0,85
617,904,215,150,4,Sedgars Park,250,6,0,85
618,905,215,182,3,Sharjah Cricket Stadium,250,7,0,85
619,910,215,173,9,"Rajiv Gandhi International Stadium, Uppal",273,1,0,85
620,911,215,153,8,Harare Sports Club,214,2,0,85
621,912,215,186,4,De Beers Diamond Oval,250,6,0,85
622,914,215,213,3,Seddon Park,235,7,0,85
623,915,215,160,5,Sharjah Cricket Stadium,250,5,0,85
624,917,215,153,5,Sheikh Zayed Stadium,231,5,0,85
625,919,215,218,3,Willowmoore Park,219,7,0,85
626,920,215,169,8,Nehru Stadium,231,2,0,85
627,921,215,147,9,Eden Gardens,242,1,0,85
628,922,215,178,7,Sharjah Cricket Stadium,250,3,0,85
629,923,215,152,5,St George's Park,215,5,0,85
630,925,215,163,9,Gymkhana Club Ground,193,1,0,85
631,926,215,145,6,Shere Bangla National Stadium,214,4,0,85
632,927,215,194,2,Sheikh Zayed Stadium,231,8,0,85
633,929,215,192,8,Shere Bangla National Stadium,214,2,0,85
634,931,215,189,5,Dubai International Cricket Stadium,221,5,0,85
635,933,215,212,4,McLean Park,259,6,0,85
636,934,215,180,3,Rangiri Dambulla International Stadium,201,7,0,85
637,935,215,237,5,Barabati Stadium,259,5,0,85
638,936,215,168,5,Headingley,283,5,0,85
639,937,215,166,6,"Brisbane Cricket Ground, Woolloongabba",218,4,0,85
640,939,215,153,2,"Grange Cricket Club Ground, Raeburn Place",250,8,0,85
641,940,215,191,3,Seddon Park,235,7,0,85
642,942,215,140,4,McLean Park,259,6,0,85
643,943,215,197,8,"Mahinda Rajapaksa International Cricket Stadium, Sooriyawewa",250,2,0,85
644,944,215,140,8,Gymkhana Club Ground,193,2,0,85
645,945,215,198,6,SuperSport Park,231,4,0,85
646,946,215,185,6,Sydney Cricket Ground,220,4,0,85
647,947,215,148,7,"Kensington Oval, Bridgetown",187,3,0,85
648,948,215,133,5,Sophia Gardens,192,5,0,85
649,950,215,186,5,Shere Bangla National Stadium,214,5,0,85
650,952,215,210,1,Dubai International Cricket Stadium,221,9,0,85
651,953,215,176,4,"Sardar Patel Stadium, Motera",224,6,0,85
652,954,215,147,9,Sophia Gardens,192,1,0,85
653,957,215,155,3,Multan Cricket Stadium,226,7,0,85
654,958,215,157,9,Clontarf Cricket Club Ground,250,1,0,85
655,959,215,184,7,Lord's,233,3,0,85
656,961,215,196,1,Harare Sports Club,214,9,0,85
657,962,215,176,2,National Stadium,214,8,0,85
658,964,215,311,3,Bellerive Oval,245,7,0,85
659,965,215,179,5,Adelaide Oval,230,5,0,85
660,966,215,134,6,OUTsurance Oval,250,4,0,85
661,968,215,164,7,"Beausejour Stadium, Gros Islet",208,3,0,85
662,970,215,129,7,"Sir Vivian Richards Stadium, North Sound",225,3,0,85
663,972,215,180,6,Sinhalese Sports Club Ground,167,4,0,85
664,975,215,111,6,Gymkhana Club Ground,193,4,0,85
665,976,215,170,3,Pallekele International Cricket Stadium,250,7,0,85
666,978,215,156,6,Shere Bangla National Stadium,214,4,0,85
667,979,215,213,3,"Rajiv Gandhi International Stadium, Uppal",273,7,0,85
668,980,215,149,4,"National Cricket Stadium, St George's",216,6,0,85
669,981,215,165,5,Old Trafford,206,5,0,85
670,983,215,267,8,M Chinnaswamy Stadium,268,2,0,85
671,984,215,208,5,SuperSport Park,231,5,0,85
672,985,215,156,5,Providence Stadium,211,5,0,85
673,987,215,206,6,Shere Bangla National Stadium,214,4,0,85
674,989,215,150,8,Bellerive Oval,245,2,0,85
675,990,215,175,4,Harare Sports Club,214,6,0,85
676,991,215,168,8,Manuka Oval,285,2,0,85
677,992,215,180,3,Lord's,233,7,0,85
678,993,215,150,5,Lord's,233,5,0,85
679,994,215,181,4,Sharjah Cricket Stadium,250,6,0,85
680,995,215,179,5,Kennington Oval,246,5,0,85
681,996,215,165,6,Western Australia Cricket Association Ground,227,4,0,85
682,997,215,189,4,Sheikh Zayed Stadium,231,6,0,85
683,998,215,212,3,Sydney Cricket Ground,220,7,0,85
684,999,215,178,4,Rangiri Dambulla International Stadium,201,6,0,85
685,1000,215,171,7,Barabati Stadium,259,3,0,85
686,1001,215,225,7,AMI Stadium,228,3,0,85
687,1003,215,165,6,Greater Noida Sports Complex Ground,250,4,0,85
688,1004,215,140,4,"Sabina Park, Kingston",221,6,0,85
689,1007,215,179,4,Sharjah Cricket Stadium,250,6,0,85
690,1008,215,146,3,"Queen's Park Oval, Port of Spain",199,7,0,85
691,1010,215,148,8,Pallekele International Cricket Stadium,250,2,0,85
692,1011,215,136,5,Mannofield Park,202,5,0,85
693,1012,215,185,3,Harare Sports Club,214,7,0,85
694,1014,215,211,3,University Oval,250,7,0,85
695,1015,215,127,6,"MA Chidambaram Stadium, Chepauk",225,4,0,85
696,1016,215,161,3,Willowmoore Park,219,7,0,85
697,1019,215,168,4,Dubai International Cricket Stadium,221,6,0,85
698,1021,215,162,4,"Warner Park, Basseterre",247,6,0,85
699,1022,215,190,3,"Beausejour Stadium, Gros Islet",208,7,0,85
700,1023,215,134,5,Eden Park,219,5,0,85
701,1024,215,159,4,"Grange Cricket Club Ground, Raeburn Place",250,6,0,85
702,1025,215,150,4,Shere Bangla National Stadium,214,6,0,85
703,1026,215,179,1,"The Village, Malahide",250,9,0,85
704,1027,215,197,3,Sydney Cricket Ground,220,7,0,85
705,1028,215,156,5,Lord's,233,5,0,85
706,1029,215,219,9,SuperSport Park,231,1,0,85
707,1030,215,158,4,R Premadasa Stadium,214,6,0,85
708,1034,215,161,8,Sinhalese Sports Club Ground,167,2,0,85
709,1035,215,147,6,Dubai International Cricket Stadium,221,4,0,85
710,1037,215,195,2,Western Australia Cricket Association Ground,227,8,0,85
711,1038,215,130,3,Iqbal Stadium,197,7,0,85
712,1039,215,156,5,Kinrara Academy Oval,204,5,0,85
713,1040,215,165,6,Rangiri Dambulla International Stadium,201,4,0,85
714,1042,215,157,4,Sheikh Zayed Stadium,231,6,0,85
715,1044,215,169,3,Lord's,233,7,0,85
716,1046,215,198,1,Reliance Stadium,231,9,0,85
717,1048,215,207,6,McLean Park,259,4,0,85
718,1053,215,207,7,"National Cricket Stadium, St George's",216,3,0,85
719,1057,215,117,9,"Kensington Oval, Bridgetown",187,1,0,85
720,1058,215,195,3,Seddon Park,235,7,0,85
721,1059,215,198,0,Harare Sports Club,214,10,0,85
722,1060,215,219,2,Eden Gardens,242,8,0,85
723,1061,215,159,5,Harare Sports Club,214,5,0,85
724,1063,215,137,5,Shere Bangla National Stadium,214,5,0,85
725,1064,215,148,6,Melbourne Cricket Ground,240,4,0,85
726,1065,215,147,5,Western Australia Cricket Association Ground,227,5,0,85
727,1066,215,167,4,Green Park,263,6,0,85
728,1066,215,168,4,Green Park,263,6,0,85
729,1067,215,124,8,"Sardar Patel Stadium, Motera",224,2,0,85
730,1070,215,190,7,Queens Sports Club,220,3,0,85
731,1071,215,153,3,Adelaide Oval,230,7,0,85
732,1072,215,176,4,Providence Stadium,211,6,0,85
733,1075,215,107,5,Western Australia Cricket Association Ground,227,5,0,85
734,1076,215,142,9,Bay Oval,250,1,0,85
735,1077,215,198,2,"Punjab Cricket Association Stadium, Mohali",256,8,0,85
736,1078,215,211,4,Shere Bangla National Stadium,214,6,0,85
737,1080,215,195,4,Zahur Ahmed Chowdhury Stadium,183,6,0,85
738,1082,215,175,2,"Sir Vivian Richards Stadium, North Sound",225,8,0,85
739,1083,215,184,5,"MA Chidambaram Stadium, Chepauk",225,5,0,85
740,1086,215,143,3,Sharjah Cricket Stadium,250,7,0,85
741,1088,215,177,2,"Sir Vivian Richards Stadium, North Sound",225,8,0,85
742,1090,215,168,1,Pallekele International Cricket Stadium,250,9,0,85
743,1091,215,158,4,Shere Bangla National Stadium,214,6,0,85
744,1093,215,169,2,"Sabina Park, Kingston",221,8,0,85
745,1094,215,146,5,Western Australia Cricket Association Ground,227,5,0,85
746,1097,215,190,9,Chevrolet Park,250,1,0,85
747,1098,215,182,3,Seddon Park,235,7,0,85
748,1099,215,193,9,R Premadasa Stadium,214,1,0,85
749,1100,215,134,4,Sheikh Zayed Stadium,231,6,0,85
750,1102,215,200,3,Trent Bridge,246,7,0,85
751,1103,215,183,5,New Wanderers Stadium,238,5,0,85
752,1104,215,218,3,Eden Park,219,7,0,85
753,1105,215,155,7,Old Trafford,206,3,0,85
754,1106,215,238,2,Saxton Oval,250,8,0,85
755,1107,215,162,4,Zahur Ahmed Chowdhury Stadium,183,6,0,85
756,1108,215,174,7,Sophia Gardens,192,3,0,85
757,1109,215,181,5,Sharjah Cricket Stadium,250,5,0,85
758,1110,215,167,6,"Beausejour Stadium, Gros Islet",208,4,0,85
759,1111,215,145,6,Gaddafi Stadium,248,4,0,85
760,1112,215,183,9,"Warner Park, Basseterre",247,1,0,85
761,1113,215,180,5,Saxton Oval,250,5,0,85
762,1114,215,114,7,"Sabina Park, Kingston",221,3,0,85
763,1115,215,205,2,Sydney Cricket Ground,220,8,0,85
764,1116,215,180,4,"The Village, Malahide",250,6,0,85
765,1117,215,164,4,Khan Shaheb Osman Ali Stadium,250,6,0,85
766,1118,215,165,3,Queens Sports Club,220,7,0,85
767,1120,215,194,6,"Sabina Park, Kingston",221,4,0,85
768,1122,215,173,4,R Premadasa Stadium,214,6,0,85
769,1123,215,205,6,Hagley Oval,250,4,0,85
770,1127,215,183,5,Old Trafford,206,5,0,85
771,1128,215,135,6,Westpac Stadium,208,4,0,85
772,1130,215,215,3,Green Park,263,7,0,85
773,1131,215,173,4,"Rajiv Gandhi International Stadium, Uppal",273,6,0,85
774,1132,215,181,4,Shere Bangla National Stadium,214,6,0,85
775,1134,215,138,6,McLean Park,259,4,0,85
776,1135,215,173,4,McLean Park,259,6,0,85
777,1136,215,166,3,Shere Bangla National Stadium,214,7,0,85
778,1137,215,150,7,Kennington Oval,246,3,0,85
779,1138,215,138,6,"Brisbane Cricket Ground, Woolloongabba",218,4,0,85
780,1139,215,154,3,SuperSport Park,231,7,0,85
781,1140,215,183,3,Shere Bangla National Stadium,214,7,0,85
782,1141,215,168,5,The Rose Bowl,250,5,0,85
783,1142,215,184,5,OUTsurance Oval,250,5,0,85
784,1143,215,164,4,Eden Park,219,6,0,85
785,1144,215,176,1,Chittagong Divisional Stadium,250,9,0,85
786,1145,215,173,4,Shere Bangla National Stadium,214,6,0,85
787,1146,215,130,5,Dubai International Cricket Stadium,221,5,0,85
788,1148,215,151,6,"Nehru Stadium, Fatorda",231,4,0,85
789,1149,215,167,7,Pallekele International Cricket Stadium,250,3,0,85
790,1153,215,181,5,Western Australia Cricket Association Ground,227,5,0,85
791,1154,215,234,3,"Warner Park, Basseterre",247,7,0,85
792,1158,215,145,8,University Oval,250,2,0,85
793,1159,215,141,6,Adelaide Oval,230,4,0,85
794,1160,215,175,3,Melbourne Cricket Ground,240,7,0,85
795,1161,215,144,3,Himachal Pradesh Cricket Association Stadium,250,7,0,85
796,1162,215,148,3,Shaheed Chandu Stadium,212,7,0,85
797,1163,215,169,5,Chittagong Divisional Stadium,250,5,0,85
798,1165,215,141,9,Western Australia Cricket Association Ground,227,1,0,85
799,1168,215,158,5,R Premadasa Stadium,214,5,0,85
800,1169,215,197,4,Sydney Cricket Ground,220,6,0,85
801,1171,215,208,4,Bellerive Oval,245,6,0,85
802,1173,215,160,1,Ruaraka Sports Club Ground,244,9,0,85
803,1174,215,168,5,Sawai Mansingh Stadium,235,5,0,85
804,1175,215,189,6,"Kensington Oval, Bridgetown",187,4,0,85
805,1176,215,164,3,Kennington Oval,246,7,0,85
806,1177,215,154,8,Boland Park,250,2,0,85
807,1178,215,152,6,Dubai International Cricket Stadium,221,4,0,85
808,1179,215,225,5,M Chinnaswamy Stadium,268,5,0,85
809,1181,215,189,4,Bellerive Oval,245,6,0,85
810,1182,215,120,7,Shere Bangla National Stadium,214,3,0,85
811,1183,215,161,2,Senwes Park,246,8,0,85
812,1184,215,162,5,Harare Sports Club,214,5,0,85
813,1185,215,198,4,Rangiri Dambulla International Stadium,201,6,0,85
814,1186,215,141,8,Harare Sports Club,214,2,0,85
815,1188,215,168,4,McLean Park,259,6,0,85
816,1189,215,183,4,R Premadasa Stadium,214,6,0,85
817,1190,215,165,6,Lord's,233,4,0,85
818,1191,215,170,2,Harare Sports Club,214,8,0,85
819,1192,215,232,3,Arbab Niaz Stadium,250,7,0,85
820,1193,215,138,5,Newlands,243,5,0,85
821,1194,215,213,2,Western Australia Cricket Association Ground,227,8,0,85
822,1195,215,198,5,Shere Bangla National Stadium,214,5,0,85
823,1196,215,197,8,Sydney Cricket Ground,220,2,0,85
824,1197,215,180,5,SuperSport Park,231,5,0,85
825,1198,215,119,9,"Mahinda Rajapaksa International Cricket Stadium, Sooriyawewa",250,1,0,85
826,1201,215,153,3,Providence Stadium,211,7,0,85
827,1202,215,218,6,Westpac Stadium,208,4,0,85
828,1203,215,182,4,"Punjab Cricket Association Stadium, Mohali",256,6,0,85
829,1204,215,177,2,Shere Bangla National Stadium,214,8,0,85
830,1205,215,156,2,Harare Sports Club,214,8,0,85
831,1206,215,194,4,JSCA International Stadium Complex,250,6,0,85
832,1207,215,171,6,Seddon Park,235,4,0,85
833,1208,215,126,6,"Sabina Park, Kingston",221,4,0,85
834,1209,215,196,4,Headingley,283,6,0,85
835,1211,215,149,5,Shere Bangla National Stadium,214,5,0,85
836,1212,215,137,6,Kennington Oval,246,4,0,85
837,1214,215,162,3,Brabourne Stadium,150,7,0,85
838,1216,215,165,8,Providence Stadium,211,2,0,85
839,1217,215,220,7,Headingley,283,3,0,85
840,1219,215,271,1,Sawai Mansingh Stadium,235,9,0,85
841,1220,215,141,6,Sheikh Zayed Stadium,231,4,0,85
842,1222,215,175,3,St George's Park,215,7,0,85
843,1224,215,184,6,Kinrara Academy Oval,204,4,0,85
844,1225,215,117,4,Providence Stadium,211,6,0,85
845,1226,215,184,2,Titwood,203,8,0,85
846,1227,215,224,2,Shere Bangla National Stadium,214,8,0,85
847,1228,215,156,3,Lord's,233,7,0,85
848,1229,215,128,3,Shere Bangla National Stadium,214,7,0,85
849,1230,215,203,4,Bellerive Oval,245,6,0,85
850,1232,215,195,3,"Punjab Cricket Association Stadium, Mohali",256,7,0,85
851,1233,215,201,9,Sydney Cricket Ground,220,1,0,85
852,1234,215,189,9,Willowmoore Park,219,1,0,85
853,1235,215,149,7,"Beausejour Stadium, Gros Islet",208,3,0,85
854,1236,215,203,3,"Warner Park, Basseterre",247,7,0,85
855,1237,215,192,3,Sophia Gardens,192,7,0,85
856,1238,215,209,5,County Ground,204,5,0,85
857,1240,215,216,2,ICC Academy,250,8,0,85
858,1241,215,158,5,Kingsmead,243,5,0,85
859,1242,215,170,4,Saxton Oval,250,6,0,85
860,1243,215,181,6,Sydney Cricket Ground,220,4,0,85
861,1245,215,107,5,Iqbal Stadium,197,5,0,85
862,1246,215,111,7,"Kensington Oval, Bridgetown",187,3,0,85
863,1247,215,140,1,Harare Sports Club,214,9,0,85
864,1248,215,127,4,Rangiri Dambulla International Stadium,201,6,0,85
865,1249,215,181,8,ICC Academy,250,2,0,85
866,1249,215,182,8,ICC Academy,250,2,0,85
867,1251,215,204,4,Newlands,243,6,0,85
868,1252,215,137,3,SuperSport Park,231,7,0,85
869,1253,215,142,6,Adelaide Oval,230,4,0,85
870,1254,215,155,8,Hagley Oval,250,2,0,85
871,1256,215,134,5,Harare Sports Club,214,5,0,85
872,1257,215,76,8,Providence Stadium,211,2,0,85
873,1258,215,170,5,Maharashtra Cricket Association Stadium,250,5,0,85
874,1260,215,157,4,Harare Sports Club,214,6,0,85
875,1261,215,157,4,Adelaide Oval,230,6,0,85
876,1262,215,176,3,Sheikh Zayed Stadium,231,7,0,85
877,1264,215,202,2,Maharani Usharaje Trust Cricket Ground,250,8,0,85
878,1266,215,166,6,Himachal Pradesh Cricket Association Stadium,250,4,0,85
879,1267,215,157,7,Melbourne Cricket Ground,240,3,0,85
880,1269,215,160,6,Willowmoore Park,219,4,0,85
881,1271,215,124,9,Sheikh Zayed Stadium,231,1,0,85
882,1272,215,209,3,Shere Bangla National Stadium,214,7,0,85
883,1273,215,228,4,"MA Chidambaram Stadium, Chepauk",225,6,0,85
884,1274,215,160,4,Sawai Mansingh Stadium,235,6,0,85
885,1275,215,245,2,M Chinnaswamy Stadium,268,8,0,85
886,1278,215,212,5,"Mahinda Rajapaksa International Cricket Stadium, Sooriyawewa",250,5,0,85
887,1279,215,189,5,Sydney Cricket Ground,220,5,0,85
888,1281,215,139,8,Hagley Oval,250,2,0,85
889,1282,215,118,6,"Warner Park, Basseterre",247,4,0,85
890,1284,215,164,7,Jade Stadium,250,3,0,85
891,1288,215,96,6,R Premadasa Stadium,214,4,0,85
892,1289,215,181,4,Gaddafi Stadium,248,6,0,85
893,1290,215,153,6,Queens Sports Club,220,4,0,85
894,1292,215,164,6,"Civil Service Cricket Club, Stormont",177,4,0,85
895,1294,215,243,4,"Rajiv Gandhi International Stadium, Uppal",273,6,0,85
896,1295,215,147,3,Mombasa Sports Club Ground,224,7,0,85
897,1297,215,146,3,"Sir Vivian Richards Stadium, North Sound",225,7,0,85
898,1298,215,206,4,ICC Academy,250,6,0,85
899,1299,215,156,3,Shere Bangla National Stadium,214,7,0,85
900,1300,215,193,3,Bellerive Oval,245,7,0,85
901,1301,215,206,2,Shere Bangla National Stadium,214,8,0,85
902,1302,215,156,4,"Warner Park, Basseterre",247,6,0,85
903,1303,215,237,3,National Stadium,214,7,0,85
904,1304,215,182,6,Trent Bridge,246,4,0,85
905,1305,215,154,5,Melbourne Cricket Ground,240,5,0,85
906,1306,215,163,6,Clontarf Cricket Club Ground,250,4,0,85
907,1308,215,183,4,"Sabina Park, Kingston",221,6,0,85
908,1309,215,148,5,"Queen's Park Oval, Port of Spain",199,5,0,85
909,1310,215,137,7,"Civil Service Cricket Club, Stormont",177,3,0,85
910,1311,215,175,4,R Premadasa Stadium,214,6,0,85
911,1312,215,140,8,R Premadasa Stadium,214,2,0,85
912,1313,215,127,7,Shere Bangla National Stadium,214,3,0,85
913,1314,215,184,3,Pallekele International Cricket Stadium,250,7,0,85
914,1316,215,187,5,SuperSport Park,231,5,0,85
915,1317,215,118,6,"Kensington Oval, Bridgetown",187,4,0,85
916,1318,215,180,6,"Queen's Park Oval, Port of Spain",199,4,0,85
917,1319,215,155,2,Shere Bangla National Stadium,214,8,0,85
918,1320,215,187,5,Kennington Oval,246,5,0,85
919,1322,215,176,3,Clontarf Cricket Club Ground,250,7,0,85
920,1323,215,153,3,"Sardar Patel Stadium, Motera",224,7,0,85
921,1324,215,133,2,Khan Shaheb Osman Ali Stadium,250,8,0,85
922,1325,215,145,6,Newlands,243,4,0,85
923,1327,215,207,7,Captain Roop Singh Stadium,291,3,0,85
924,1330,215,114,7,Shere Bangla National Stadium,214,3,0,85
925,1331,215,208,9,Sharjah Cricket Stadium,250,1,0,85
926,1332,215,122,7,R Premadasa Stadium,214,3,0,85
927,1333,215,231,2,Feroz Shah Kotla,250,8,0,85
928,1334,215,168,6,"Sir Vivian Richards Stadium, North Sound",225,4,0,85
929,1335,215,214,2,Melbourne Cricket Ground,240,8,0,85
930,1337,215,160,2,Eden Park,219,8,0,85
931,1338,215,160,4,"Queen's Park Oval, Port of Spain",199,6,0,85
932,1342,215,176,6,"Punjab Cricket Association Stadium, Mohali",256,4,0,85
933,1343,215,160,3,Buffalo Park,171,7,0,85
934,1344,215,190,7,New Wanderers Stadium,238,3,0,85
935,1345,215,238,2,"Mahinda Rajapaksa International Cricket Stadium, Sooriyawewa",250,8,0,85
936,1346,215,173,4,Queens Sports Club,220,6,0,85
937,1348,215,164,4,Basin Reserve,250,6,0,85
938,1350,215,162,3,Dubai Sports City Cricket Stadium,250,7,0,85
939,1352,215,146,4,Seddon Park,235,6,0,85
940,1353,215,167,3,R Premadasa Stadium,214,7,0,85
941,1356,215,158,3,Rangiri Dambulla International Stadium,201,7,0,85
942,1357,215,165,3,"MA Chidambaram Stadium, Chepauk",225,7,0,85
943,1358,215,189,4,SuperSport Park,231,6,0,85
944,1360,215,171,3,"Brisbane Cricket Ground, Woolloongabba",218,7,0,85
945,1361,215,146,7,"Civil Service Cricket Club, Stormont",177,3,0,85
946,1362,215,139,5,Willowmoore Park,219,5,0,85
947,1363,215,185,6,Melbourne Cricket Ground,240,4,0,85
948,1364,215,139,6,Lord's,233,4,0,85
949,1367,215,178,4,Edgbaston,203,6,0,85
950,1368,215,177,5,Newlands,243,5,0,85
951,1369,215,177,5,"The Village, Malahide",250,5,0,85
952,1370,215,191,5,Madhavrao Scindia Cricket Ground,325,5,0,85
953,1371,215,170,7,Zahur Ahmed Chowdhury Stadium,183,3,0,85
954,1372,215,185,6,"Sabina Park, Kingston",221,4,0,85
955,1373,215,129,4,Shere Bangla National Stadium,214,6,0,85
956,1375,215,125,8,Clontarf Cricket Club Ground,250,2,0,85
957,1376,215,135,6,Rangiri Dambulla International Stadium,201,4,0,85
958,1378,215,180,8,SuperSport Park,231,2,0,85
959,1379,215,273,2,Trent Bridge,246,8,0,85
960,1380,215,225,4,Greater Noida Sports Complex Ground,250,6,0,85
961,1381,215,142,5,Western Australia Cricket Association Ground,227,5,0,85
962,1382,215,197,2,Bay Oval,250,8,0,85
963,1383,215,176,3,Melbourne Cricket Ground,240,7,0,85
964,1386,215,152,5,Riverside Ground,214,5,0,85
965,1387,215,143,3,Melbourne Cricket Ground,240,7,0,85
966,1388,215,142,5,Zohur Ahmed Chowdhury Stadium,250,5,0,85
967,1389,215,215,5,Sydney Cricket Ground,220,5,0,85
968,1390,215,128,8,Shere Bangla National Stadium,214,2,0,85
969,1394,215,184,4,McLean Park,259,6,0,85
970,1396,215,161,9,R Premadasa Stadium,214,1,0,85
971,1397,215,159,9,St George's Park,215,1,0,85
972,1398,215,253,2,Seddon Park,235,8,0,85
973,1400,215,168,4,Lord's,233,6,0,85
974,1403,215,210,3,Adelaide Oval,230,7,0,85
975,1404,215,218,5,Riverside Ground,214,5,0,85
976,1409,215,170,2,McLean Park,259,8,0,85
977,1410,215,144,3,Feroz Shah Kotla,250,7,0,85
978,1412,215,200,2,Melbourne Cricket Ground,240,8,0,85
979,1414,215,128,7,Gymkhana Club Ground,193,3,0,85
980,1415,215,205,2,Seddon Park,235,8,0,85
981,1416,215,177,4,Green Park,263,6,0,85
982,1417,215,222,6,R Premadasa Stadium,214,4,0,85
983,1418,215,175,3,ICC Academy,250,7,0,85
984,1421,215,189,3,Seddon Park,235,7,0,85
985,1422,215,112,8,"National Cricket Stadium, St George's",216,2,0,85
986,1424,215,141,6,"Brisbane Cricket Ground, Woolloongabba",218,4,0,85
987,1425,215,154,4,Gymkhana Club Ground,193,6,0,85
988,1427,215,147,4,Providence Stadium,211,6,0,85
989,1428,215,161,4,M Chinnaswamy Stadium,268,6,0,85
990,1429,215,183,8,Sydney Cricket Ground,220,2,0,85
991,1432,215,194,6,Sydney Cricket Ground,220,4,0,85
992,1433,215,191,3,Wankhede Stadium,256,7,0,85
993,1436,215,197,2,Shere Bangla National Stadium,214,8,0,85
994,1437,215,158,4,"Brisbane Cricket Ground, Woolloongabba",218,6,0,85
995,1438,215,159,4,Sydney Cricket Ground,220,6,0,85
996,1441,215,142,8,Shere Bangla National Stadium,214,2,0,85
997,1442,215,164,6,SuperSport Park,231,4,0,85
998,1444,215,229,6,"Sardar Patel Stadium, Motera",224,4,0,85
999,1445,215,202,0,R Premadasa Stadium,214,10,0,85
1000,1446,215,177,3,Melbourne Cricket Ground,240,7,0,85
1001,1448,215,153,2,R Premadasa Stadium,214,8,0,85
1002,1449,215,167,5,Edgbaston,203,5,0,85
